user,user_sys_id,workstation,workstation_sys_id,computer_name,computer_sys_id
Jerrod Bennett,0d938009d1b71010fa9b931fd7a9d375,JerrodBennett-PC,53272e2e534000102c50ddeeff7b126d,JerrodBennett-PC,d7272e2e534000102c50ddeeff7b126c
Terrance Nimmer,c8b30c09d1b71010fa9b931fd7a9d3c1,TerranceNimmer-PC,93272e2e534000102c50ddeeff7b1293,TerranceNimmer-PC,1b272e2e534000102c50ddeeff7b1292
Jim Ranzetti,26a38809d1b71010fa9b931fd7a9d3f6,JimRanzetti-PC,db272e2e534000102c50ddeeff7b125a,JimRanzetti-PC,53272e2e534000102c50ddeeff7b125a
Davin Czukowski,b593c009d1b71010fa9b931fd7a9d3ca,DavinCzukowski-PC,5f272e2e534000102c50ddeeff7b12a6,DavinCzukowski-PC,d3272e2e534000102c50ddeeff7b12a6
John Retak,a6a38809d1b71010fa9b931fd7a9d3f9,JohnRetak-PC,5b272e2e534000102c50ddeeff7b1262,JohnRetak-PC,df272e2e534000102c50ddeeff7b1261
Roger Rasmussen,b993c009d1b71010fa9b931fd7a9d3de,RogerRasmussen-PC,9f272e2e534000102c50ddeeff7b124e,RogerRasmussen-PC,17272e2e534000102c50ddeeff7b124e
Charles Beckley,85938009d1b71010fa9b931fd7a9d3a1,CharlesBeckley-PC,13272e2e534000102c50ddeeff7b1271,CharlesBeckley-PC,97272e2e534000102c50ddeeff7b1270
Lacy Belmont,f0a30809d1b71010fa9b931fd7a9d380,LacyBelmont-PC,03272e2e534000102c50ddeeff7b1232,LacyBelmont-PC,87272e2e534000102c50ddeeff7b1231
John Bohnhamn,42a38809d1b71010fa9b931fd7a9d360,JohnBohnhamn-PC,13272e2e534000102c50ddeeff7b125c,JohnBohnhamn-PC,97272e2e534000102c50ddeeff7b125b
Dude Lewbowskie,d6930409d1b71010fa9b931fd7a9d388,DudeLewbowskie-PC,97272e2e534000102c50ddeeff7b126e,DudeLewbowskie-PC,1f272e2e534000102c50ddeeff7b126d
Mary Cruse,b6934409d1b71010fa9b931fd7a9d367,MaryCruse-PC,db272e2e534000102c50ddeeff7b12ae,MaryCruse-PC,53272e2e534000102c50ddeeff7b12ae
Sam Sorokin,50b34c09d1b71010fa9b931fd7a9d341,SamSorokin-PC,5f272e2e534000102c50ddeeff7b1252,SamSorokin-PC,d3272e2e534000102c50ddeeff7b1252
Luke Wilson,49938009d1b71010fa9b931fd7a9d364,LukeWilson-PC,d7272e2e534000102c50ddeeff7b126a,LukeWilson-PC,5f272e2e534000102c50ddeeff7b1269
Jeanie Dalen,eaa38809d1b71010fa9b931fd7a9d3f4,JeanieDalen-PC,0b272e2e534000102c50ddeeff7b1227,JeanieDalen-PC,8f272e2e534000102c50ddeeff7b1226
Rick Berzle,ef938409d1b71010fa9b931fd7a9d33e,RickBerzle-PC,db272e2e534000102c50ddeeff7b126f,RickBerzle-PC,53272e2e534000102c50ddeeff7b126f
David Loo,56930409d1b71010fa9b931fd7a9d369,DavidLoo-PC,17272e2e534000102c50ddeeff7b124c,DavidLoo-PC,9b272e2e534000102c50ddeeff7b124b
Pamala Brodtmann,14a3c409d1b71010fa9b931fd7a9d3bd,PamalaBrodtmann-PC,9b272e2e534000102c50ddeeff7b1288,PamalaBrodtmann-PC,13272e2e534000102c50ddeeff7b1288
Naomi Caetano,66930409d1b71010fa9b931fd7a9d3ba,NaomiCaetano-PC,d7272e2e534000102c50ddeeff7b1240,NaomiCaetano-PC,5f272e2e534000102c50ddeeff7b123f
Jimmy Hrobsky,92a38809d1b71010fa9b931fd7a9d397,JimmyHrobsky-PC,c3272e2e534000102c50ddeeff7b123b,JimmyHrobsky-PC,4b272e2e534000102c50ddeeff7b123a
Beth Anglin,6a930409d1b71010fa9b931fd7a9d3f2,BethAnglin-PC,53272e2e534000102c50ddeeff7b1258,BethAnglin-PC,d7272e2e534000102c50ddeeff7b1257
Doreen Sakurai,13934409d1b71010fa9b931fd7a9d3e3,DoreenSakurai-PC,07272e2e534000102c50ddeeff7b1237,DoreenSakurai-PC,8b272e2e534000102c50ddeeff7b1236
Delphine Helmich,95938009d1b71010fa9b931fd7a9d3d6,DelphineHelmich-PC,5f272e2e534000102c50ddeeff7b1291,DelphineHelmich-PC,d3272e2e534000102c50ddeeff7b1291
Isaac Davensizer,d8a3c409d1b71010fa9b931fd7a9d392,IsaacDavensizer-PC,c3272e2e534000102c50ddeeff7b1226,IsaacDavensizer-PC,4b272e2e534000102c50ddeeff7b1225
Felipe Mahone,6ea3c809d1b71010fa9b931fd7a9d312,FelipeMahone-PC,53272e2e534000102c50ddeeff7b12ac,FelipeMahone-PC,d7272e2e534000102c50ddeeff7b12ab
Tiffany Knust,acb34c09d1b71010fa9b931fd7a9d356,TiffanyKnust-PC,57272e2e534000102c50ddeeff7b1287,TiffanyKnust-PC,db272e2e534000102c50ddeeff7b1286
Rolando Baumann,cb934409d1b71010fa9b931fd7a9d397,RolandoBaumann-PC,db272e2e534000102c50ddeeff7b1299,RolandoBaumann-PC,53272e2e534000102c50ddeeff7b1299
Jimmie Kertzman,bea3c809d1b71010fa9b931fd7a9d33c,JimmieKertzman-PC,07272e2e534000102c50ddeeff7b1222,JimmieKertzman-PC,8b272e2e534000102c50ddeeff7b1221
Mara Rineheart,1b938409d1b71010fa9b931fd7a9d30b,MaraRineheart-PC,03272e2e534000102c50ddeeff7b121d,MaraRineheart-PC,87272e2e534000102c50ddeeff7b121c
Lane Brantz,b8a30809d1b71010fa9b931fd7a9d39a,LaneBrantz-PC,53272e2e534000102c50ddeeff7b1297,LaneBrantz-PC,d7272e2e534000102c50ddeeff7b1296
Donald Sherretts,76934409d1b71010fa9b931fd7a9d32f,DonaldSherretts-PC,13272e2e534000102c50ddeeff7b129b,DonaldSherretts-PC,97272e2e534000102c50ddeeff7b129a
Cathryn Nicolaus,0b934409d1b71010fa9b931fd7a9d3ba,CathrynNicolaus-PC,d7272e2e534000102c50ddeeff7b127f,CathrynNicolaus-PC,5f272e2e534000102c50ddeeff7b127e
Pierre Salera,ff938409d1b71010fa9b931fd7a9d3d1,PierreSalera-PC,97272e2e534000102c50ddeeff7b1283,PierreSalera-PC,1f272e2e534000102c50ddeeff7b1282
Corinne Cowan,9a930409d1b71010fa9b931fd7a9d364,CorinneCowan-PC,d7272e2e534000102c50ddeeff7b12a9,CorinneCowan-PC,5f272e2e534000102c50ddeeff7b12a8
Frankie Morein,8d938009d1b71010fa9b931fd7a9d394,FrankieMorein-PC,cf272e2e534000102c50ddeeff7b1220,FrankieMorein-PC,47272e2e534000102c50ddeeff7b1220
Stephen Seiters,98b34c09d1b71010fa9b931fd7a9d31e,StephenSeiters-PC,cb272e2e534000102c50ddeeff7b1230,StephenSeiters-PC,43272e2e534000102c50ddeeff7b1230
Kennith Peto,2193c009d1b71010fa9b931fd7a9d3a6,KennithPeto-PC,cf272e2e534000102c50ddeeff7b1235,KennithPeto-PC,47272e2e534000102c50ddeeff7b1235
Peggy Hohlstein,8f934409d1b71010fa9b931fd7a9d373,PeggyHohlstein-PC,1b272e2e534000102c50ddeeff7b123c,PeggyHohlstein-PC,9f272e2e534000102c50ddeeff7b123b
Cristopher Wiget,1193c009d1b71010fa9b931fd7a9d302,CristopherWiget-PC,13272e2e534000102c50ddeeff7b1286,CristopherWiget-PC,97272e2e534000102c50ddeeff7b1285
Doug Matrisciano,b7938409d1b71010fa9b931fd7a9d38d,DougMatrisciano-PC,57272e2e534000102c50ddeeff7b129c,DougMatrisciano-PC,db272e2e534000102c50ddeeff7b129b
Lora Lendor,da930409d1b71010fa9b931fd7a9d38e,LoraLendor-PC,93272e2e534000102c50ddeeff7b12a8,LoraLendor-PC,1b272e2e534000102c50ddeeff7b12a7
Jess Assad,76a3c809d1b71010fa9b931fd7a9d33b,JessAssad-PC,83272e2e534000102c50ddeeff7b122a,JessAssad-PC,0b272e2e534000102c50ddeeff7b1229
Jacinto Gawron,6993c009d1b71010fa9b931fd7a9d34d,JacintoGawron-PC,57272e2e534000102c50ddeeff7b1248,JacintoGawron-PC,db272e2e534000102c50ddeeff7b1247
Valerie Pou,10b34c09d1b71010fa9b931fd7a9d328,ValeriePou-PC,97272e2e534000102c50ddeeff7b1244,ValeriePou-PC,1f272e2e534000102c50ddeeff7b1243
Rachel Larrison,7993c009d1b71010fa9b931fd7a9d3f7,RachelLarrison-PC,17272e2e534000102c50ddeeff7b12b5,RachelLarrison-PC,9b272e2e534000102c50ddeeff7b12b4
Mabel Weeden,fa934409d1b71010fa9b931fd7a9d346,MabelWeeden-PC,53272e2e534000102c50ddeeff7b1243,MabelWeeden-PC,d7272e2e534000102c50ddeeff7b1242
Rob Phillips,50a3c409d1b71010fa9b931fd7a9d3d3,RobPhillips-PC,9f272e2e534000102c50ddeeff7b1263,RobPhillips-PC,17272e2e534000102c50ddeeff7b1263
Diana Temple,56930409d1b71010fa9b931fd7a9d385,DianaTemple-PC,13272e2e534000102c50ddeeff7b12b0,DianaTemple-PC,97272e2e534000102c50ddeeff7b12af
Lee Javens,c5a30809d1b71010fa9b931fd7a9d3fd,LeeJavens-PC,17272e2e534000102c50ddeeff7b12a0,LeeJavens-PC,9b272e2e534000102c50ddeeff7b129f
Kira Staffon,41a30809d1b71010fa9b931fd7a9d3af,KiraStaffon-PC,43272e2e534000102c50ddeeff7b122e,KiraStaffon-PC,c7272e2e534000102c50ddeeff7b122d
David Dan,9d93c009d1b71010fa9b931fd7a9d328,DavidDan-PC,1b272e2e534000102c50ddeeff7b1251,DavidDan-PC,9f272e2e534000102c50ddeeff7b1250
Natasha Ingram,64a30809d1b71010fa9b931fd7a9d30e,NatashaIngram-PC,1f272e2e534000102c50ddeeff7b126b,NatashaIngram-PC,93272e2e534000102c50ddeeff7b126b
Bud Richman,fa934409d1b71010fa9b931fd7a9d303,BudRichman-PC,93272e2e534000102c50ddeeff7b1269,BudRichman-PC,1b272e2e534000102c50ddeeff7b1268
Chuck Farley,0b934409d1b71010fa9b931fd7a9d3d6,ChuckFarley-PC,57272e2e534000102c50ddeeff7b125d,ChuckFarley-PC,db272e2e534000102c50ddeeff7b125c
Howard Johnson,0ca3c409d1b71010fa9b931fd7a9d367,HowardJohnson-PC,9f272e2e534000102c50ddeeff7b1278,HowardJohnson-PC,17272e2e534000102c50ddeeff7b1278
Wayne Webb,a7a3c809d1b71010fa9b931fd7a9d3f4,WayneWebb-PC,5b272e2e534000102c50ddeeff7b124d,WayneWebb-PC,df272e2e534000102c50ddeeff7b124c
Olga Yarovenko,e6930409d1b71010fa9b931fd7a9d3bd,OlgaYarovenko-PC,1b272e2e534000102c50ddeeff7b1266,OlgaYarovenko-PC,9f272e2e534000102c50ddeeff7b1265
Ted Keppel,5ca3c409d1b71010fa9b931fd7a9d3be,TedKeppel-PC,1f272e2e534000102c50ddeeff7b1241,TedKeppel-PC,93272e2e534000102c50ddeeff7b1241
Phil Hendrie,20a3c409d1b71010fa9b931fd7a9d3ec,PhilHendrie-PC,1f272e2e534000102c50ddeeff7b1256,PhilHendrie-PC,93272e2e534000102c50ddeeff7b1256
Charlie Whitherspoon,cf934409d1b71010fa9b931fd7a9d3d4,CharlieWhitherspoon-PC,d7272e2e534000102c50ddeeff7b1255,CharlieWhitherspoon-PC,5f272e2e534000102c50ddeeff7b1254
George Grey,17272e2e534000102c50ddeeff7b1279,GeorgeGrey-PC,d3272e2e534000102c50ddeeff7b127a,GeorgeGrey-PC,5b272e2e534000102c50ddeeff7b1279
George Grey,fea3c809d1b71010fa9b931fd7a9d323,GeorgeGrey-PC,d3272e2e534000102c50ddeeff7b127a,GeorgeGrey-PC,5b272e2e534000102c50ddeeff7b1279
Taylor Vreeland,80b30c09d1b71010fa9b931fd7a9d3c0,TaylorVreeland-PC,17272e2e534000102c50ddeeff7b1261,TaylorVreeland-PC,9b272e2e534000102c50ddeeff7b1260
Ted Bozelle,dcb30c09d1b71010fa9b931fd7a9d3f0,TedBozelle-PC,13272e2e534000102c50ddeeff7b1247,TedBozelle-PC,97272e2e534000102c50ddeeff7b1246
Paul Shafer,22930409d1b71010fa9b931fd7a9d3bf,PaulShafer-PC,5f272e2e534000102c50ddeeff7b1267,PaulShafer-PC,d3272e2e534000102c50ddeeff7b1267
Carol Coughlin,7e934409d1b71010fa9b931fd7a9d306,CarolCoughlin-PC,9b272e2e534000102c50ddeeff7b125e,CarolCoughlin-PC,13272e2e534000102c50ddeeff7b125e
Florine Willardson,8ea38809d1b71010fa9b931fd7a9d340,FlorineWillardson-PC,d3272e2e534000102c50ddeeff7b128f,FlorineWillardson-PC,5b272e2e534000102c50ddeeff7b128e
Martin Carley,9a930409d1b71010fa9b931fd7a9d399,MartinCarley-PC,4b272e2e534000102c50ddeeff7b1238,MartinCarley-PC,cf272e2e534000102c50ddeeff7b1237
Mitch Schattner,2e930409d1b71010fa9b931fd7a9d3b8,MitchSchattner-PC,df272e2e534000102c50ddeeff7b129e,MitchSchattner-PC,57272e2e534000102c50ddeeff7b129e
Genevieve Kekiwi,d6a38809d1b71010fa9b931fd7a9d3c4,GenevieveKekiwi-PC,8f272e2e534000102c50ddeeff7b1239,GenevieveKekiwi-PC,07272e2e534000102c50ddeeff7b1239
Viola Mcsorley,47a3c809d1b71010fa9b931fd7a9d364,ViolaMcsorley-PC,17272e2e534000102c50ddeeff7b128b,ViolaMcsorley-PC,9b272e2e534000102c50ddeeff7b128a
Berta Karczewski,81938009d1b71010fa9b931fd7a9d39b,BertaKarczewski-PC,5b272e2e534000102c50ddeeff7b12a1,BertaKarczewski-PC,df272e2e534000102c50ddeeff7b12a0
Darrel Ruffins,09938009d1b71010fa9b931fd7a9d3a4,DarrelRuffins-PC,8b272e2e534000102c50ddeeff7b121f,DarrelRuffins-PC,03272e2e534000102c50ddeeff7b121f
Mellissa Sule,1e930409d1b71010fa9b931fd7a9d39c,MellissaSule-PC,1f272e2e534000102c50ddeeff7b1295,MellissaSule-PC,93272e2e534000102c50ddeeff7b1295
Maryann Garnette,4d938009d1b71010fa9b931fd7a9d36a,MaryannGarnette-PC,df272e2e534000102c50ddeeff7b1289,MaryannGarnette-PC,57272e2e534000102c50ddeeff7b1289
Hanna Cinkan,72a3c809d1b71010fa9b931fd7a9d327,HannaCinkan-PC,8f272e2e534000102c50ddeeff7b1224,HannaCinkan-PC,07272e2e534000102c50ddeeff7b1224
Wes Fontanella,f193c009d1b71010fa9b931fd7a9d3e0,WesFontanella-PC,df272e2e534000102c50ddeeff7b12b3,WesFontanella-PC,57272e2e534000102c50ddeeff7b12b3
Mayme Staub,fe934409d1b71010fa9b931fd7a9d368,MaymeStaub-PC,87272e2e534000102c50ddeeff7b122f,MaymeStaub-PC,0f272e2e534000102c50ddeeff7b122e
Devon Samrah,40a3c409d1b71010fa9b931fd7a9d327,DevonSamrah-PC,97272e2e534000102c50ddeeff7b1298,DevonSamrah-PC,1f272e2e534000102c50ddeeff7b1297
Danette Fostervold,d3934409d1b71010fa9b931fd7a9d3db,DanetteFostervold-PC,1f272e2e534000102c50ddeeff7b12aa,DanetteFostervold-PC,93272e2e534000102c50ddeeff7b12aa
Alva Pennigton,aca30809d1b71010fa9b931fd7a9d31d,AlvaPennigton-PC,db272e2e534000102c50ddeeff7b1245,AlvaPennigton-PC,53272e2e534000102c50ddeeff7b1245
Darrel Tork,1e930409d1b71010fa9b931fd7a9d367,DarrelTork-PC,d3272e2e534000102c50ddeeff7b12a4,DarrelTork-PC,5b272e2e534000102c50ddeeff7b12a3
Bridgett Retort,4f934409d1b71010fa9b931fd7a9d3b5,BridgettRetort-PC,1f272e2e534000102c50ddeeff7b1280,BridgettRetort-PC,93272e2e534000102c50ddeeff7b1280
Bette Barcelona,cb934409d1b71010fa9b931fd7a9d3b2,BetteBarcelona-PC,93272e2e534000102c50ddeeff7b127e,BetteBarcelona-PC,1b272e2e534000102c50ddeeff7b127d
Lacy Hyten,c1a30809d1b71010fa9b931fd7a9d3b2,LacyHyten-PC,47272e2e534000102c50ddeeff7b1233,LacyHyten-PC,cb272e2e534000102c50ddeeff7b1232
Heath Vanalphen,dd938009d1b71010fa9b931fd7a9d3d7,HeathVanalphen-PC,9f272e2e534000102c50ddeeff7b12a2,HeathVanalphen-PC,17272e2e534000102c50ddeeff7b12a2
Hillary Holmes,a4a3c409d1b71010fa9b931fd7a9d3f5,HillaryHolmes-PC,4b272e2e534000102c50ddeeff7b1223,HillaryHolmes-PC,cf272e2e534000102c50ddeeff7b1222
Darrell Amrich,72934409d1b71010fa9b931fd7a9d329,DarrellAmrich-PC,93272e2e534000102c50ddeeff7b123f,DarrellAmrich-PC,1b272e2e534000102c50ddeeff7b123e
Kasey Nguyen,38a30809d1b71010fa9b931fd7a9d33b,KaseyNguyen-PC,cb272e2e534000102c50ddeeff7b121b,KaseyNguyen-PC,43272e2e534000102c50ddeeff7b121b
Garfield Lijewski,c6930409d1b71010fa9b931fd7a9d329,GarfieldLijewski-PC,9b272e2e534000102c50ddeeff7b12b2,GarfieldLijewski-PC,13272e2e534000102c50ddeeff7b12b2
Roseann Jerko,ab938409d1b71010fa9b931fd7a9d343,RoseannJerko-PC,d7272e2e534000102c50ddeeff7b1294,RoseannJerko-PC,5f272e2e534000102c50ddeeff7b1293
Roman Simone,63938409d1b71010fa9b931fd7a9d342,RomanSimone-PC,9f272e2e534000102c50ddeeff7b128d,RomanSimone-PC,17272e2e534000102c50ddeeff7b128d
Mariano Maury,1a930409d1b71010fa9b931fd7a9d396,MarianoMaury-PC,9b272e2e534000102c50ddeeff7b1249,MarianoMaury-PC,13272e2e534000102c50ddeeff7b1249
Bow Ruggeri,a2930409d1b71010fa9b931fd7a9d3f4,BowRuggeri-PC,17272e2e534000102c50ddeeff7b1276,BowRuggeri-PC,9b272e2e534000102c50ddeeff7b1275
Jonathon Waldall,bc938009d1b71010fa9b931fd7a9d343,JonathonWaldall-PC,1b272e2e534000102c50ddeeff7b12a5,JonathonWaldall-PC,9f272e2e534000102c50ddeeff7b12a4
Alejandro Mascall,aca30809d1b71010fa9b931fd7a9d30f,AlejandroMascall-PC,9b272e2e534000102c50ddeeff7b129d,AlejandroMascall-PC,13272e2e534000102c50ddeeff7b129d
Allie Pumphrey,e8a30809d1b71010fa9b931fd7a9d325,AlliePumphrey-PC,5f272e2e534000102c50ddeeff7b123d,AlliePumphrey-PC,d3272e2e534000102c50ddeeff7b123d
Sue Haakinson,48b30c09d1b71010fa9b931fd7a9d3be,SueHaakinson-PC,df272e2e534000102c50ddeeff7b124a,SueHaakinson-PC,57272e2e534000102c50ddeeff7b124a
Rob Woodbyrne,3f938409d1b71010fa9b931fd7a9d3d9,RobWoodbyrne-PC,97272e2e534000102c50ddeeff7b1259,RobWoodbyrne-PC,1f272e2e534000102c50ddeeff7b1258
Eduardo Bellendir,93934409d1b71010fa9b931fd7a9d3e6,EduardoBellendir-PC,1b272e2e534000102c50ddeeff7b127b,EduardoBellendir-PC,9f272e2e534000102c50ddeeff7b127a
Miranda Hammitt,85938009d1b71010fa9b931fd7a9d36c,MirandaHammitt-PC,cb272e2e534000102c50ddeeff7b1218,MirandaHammitt-PC,cf272e2e534000102c50ddeeff7b1217
Christen Mitchell,d9938009d1b71010fa9b931fd7a9d3d1,ChristenMitchell-PC,d3272e2e534000102c50ddeeff7b1250,ChristenMitchell-PC,5b272e2e534000102c50ddeeff7b124f
Tia Lino,20a3c409d1b71010fa9b931fd7a9d3de,TiaLino-PC,db272e2e534000102c50ddeeff7b1284,TiaLino-PC,53272e2e534000102c50ddeeff7b1284
Marta Horner,d3938409d1b71010fa9b931fd7a9d310,MartaHorner-PC,0f272e2e534000102c50ddeeff7b122c,MartaHorner-PC,83272e2e534000102c50ddeeff7b122c
Ella Pahnke,3b938409d1b71010fa9b931fd7a9d39e,EllaPahnke-PC,47272e2e534000102c50ddeeff7b121e,EllaPahnke-PC,cb272e2e534000102c50ddeeff7b121d
Ashley Leonesio,c6930409d1b71010fa9b931fd7a9d353,AshleyLeonesio-PC,c7272e2e534000102c50ddeeff7b122b,AshleyLeonesio-PC,4f272e2e534000102c50ddeeff7b122a
Rebeca Brumet,7593c009d1b71010fa9b931fd7a9d3e3,RebecaBrumet-PC,57272e2e534000102c50ddeeff7b12b1,RebecaBrumet-PC,db272e2e534000102c50ddeeff7b12b0
Robin Schartz,2b938409d1b71010fa9b931fd7a9d340,RobinSchartz-PC,87272e2e534000102c50ddeeff7b121a,RobinSchartz-PC,0f272e2e534000102c50ddeeff7b1219
Edgardo Prudente,f6934409d1b71010fa9b931fd7a9d332,EdgardoPrudente-PC,53272e2e534000102c50ddeeff7b1282,EdgardoPrudente-PC,d7272e2e534000102c50ddeeff7b1281
Emilia Oxley,d2a38809d1b71010fa9b931fd7a9d3b0,EmiliaOxley-PC,8b272e2e534000102c50ddeeff7b1234,EmiliaOxley-PC,03272e2e534000102c50ddeeff7b1234
Jasmin Gum,12a38809d1b71010fa9b931fd7a9d394,JasminGum-PC,5b272e2e534000102c50ddeeff7b128c,JasminGum-PC,df272e2e534000102c50ddeeff7b128b
Teodoro Gaboury,24a3c409d1b71010fa9b931fd7a9d3f2,TeodoroGaboury-PC,4f272e2e534000102c50ddeeff7b1228,TeodoroGaboury-PC,c3272e2e534000102c50ddeeff7b1228
